patient_id,note,question,correct_answer,incorrect_answers
001,"Patient with hypertension.","Does the patient have hypertension?","Yes","[""No""]"
002,"Patient denies smoking.","Does the patient smoke?","No","[""Yes""]"
003,"Patient reports occasional chest pain.","Does the patient report chest pain?","Yes","[""No""]"
004,"No history of diabetes mellitus.","Does the patient have diabetes?","No","[""Yes""]"
005,"Patient uses insulin daily.","Does the patient use insulin?","Yes","[""No""]"
006,"The patient has no known allergies.","Does the patient have allergies?","No","[""Yes""]"
007,"Patient diagnosed with asthma in childhood.","Does the patient have asthma?","Yes","[""No""]"
008,"No prior surgical history is noted.","Has the patient had surgery before?","No","[""Yes""]"
009,"Patient is currently pregnant.","Is the patient pregnant?","Yes","[""No""]"
010,"The patient denies alcohol consumption.","Does the patient drink alcohol?","No","[""Yes""]"
